experiment_number,learning_rate,batch_size,seq_length,hidden_size,dropout,num_layers,num_epochs,training_loss,validation_loss,training_perplexity,validation_perplexity,observations
1,0.003,64,50,256,0.0,1,10,1.4264908919932175,1.4294913411140442,4.1640613829778514,4.176574199941382,Level 1
2,0.001,128,150,512,0.0,1,10,1.2422264809216257,1.2530144453048706,3.463315893688124,3.5008802795135616,Level 2
3,0.001,128,150,512,0.0,1,10,1.245385446073689,1.2732919549942017,3.47427368643722,3.5725940443434143,Level 2
4,0.001,128,150,512,0.1,3,10,1.1808707688277933,1.1877643585205078,3.257209244653382,3.279740680739742,Level 3
