experiment_number,learning_rate,batch_size,seq_length,hidden_size,num_layers,dropout,num_epochs,training_loss,validation_loss,training_perplexity,validation_perplexity
1,0.001,128,150,512,2,0.0,10,1.1933105946619271,1.2300813102722168,3.297981434042126,3.4215077287043827
2,0.001,128,150,512,2,0.1,10,1.2041367349170504,1.2200197744369508,3.3338798134282266,3.387254714013861
3,0.001,128,150,512,2,0.3,10,1.220196170208258,1.204688420295715,3.38785226412286,3.335719573613257
4,0.001,128,150,512,2,0.5,10,1.2895155928351665,1.2441457080841063,3.631027234065308,3.4699691661519183
5,0.001,128,150,512,3,0.0,10,1.1822817031439248,1.21008038520813,3.261808196598101,3.3537542339458124
6,0.001,128,150,512,3,0.1,10,1.1918494840721032,1.1934745359420775,3.2931662370680903,3.298522153662257
7,0.001,128,150,512,3,0.3,10,1.2466617848449972,1.2129490756988526,3.478710867716244,3.363388929697695
8,0.001,128,150,512,3,0.5,10,1.287770043203841,1.2336042881011964,3.624694624365742,3.4335828823344503
